Date,Price
2000:01:03,7649.11
2000:01:04,7370.64
2000:01:05,7387.27
2000:01:06,7476.86
2000:01:07,7653.59
2000:01:10,7704.07
2000:01:11,7637.23
2000:01:12,7644.99
2000:01:13,7717.19
2000:01:14,7769.00
2000:01:17,7769.00
2000:01:18,7678.57
2000:01:19,7709.61
2000:01:20,7664.33
2000:01:21,7637.72
2000:01:24,7440.97
2000:01:25,7462.42
2000:01:26,7499.50
2000:01:27,7499.73
2000:01:28,7297.99
2000:01:31,7468.06
2000:02:01,7492.14
2000:02:02,7500.80
2000:02:03,7539.03
2000:02:04,7498.29
2000:02:07,7470.15
2000:02:08,7551.19
2000:02:09,7394.39
2000:02:10,7356.71
2000:02:11,7226.63
2000:02:14,7232.69
2000:02:15,7309.20
2000:02:16,7210.65
2000:02:17,7127.58
2000:02:18,6935.05
2000:02:21,6935.05
2000:02:22,6993.08
2000:02:23,6971.60
2000:02:24,6928.07
2000:02:25,6822.51
2000:02:28,6951.99
2000:02:29,7060.72
2000:03:01,7136.68
2000:03:02,7187.44
2000:03:03,7301.67
2000:03:06,7193.25
2000:03:07,6967.74
2000:03:08,7011.16
2000:03:09,7176.32
2000:03:10,7125.58
2000:03:13,7080.53
2000:03:14,6983.55
2000:03:15,7198.96
2000:03:16,7553.88
2000:03:17,7574.10
2000:03:20,7563.89
2000:03:21,7722.55
2000:03:22,7720.39
2000:03:23,7838.59
2000:03:24,7843.25
2000:03:27,7816.06
2000:03:28,7773.13
2000:03:29,7835.16
2000:03:30,7751.28
2000:03:31,7721.99
2000:04:03,7967.94
2000:04:04,7894.69
2000:04:05,7839.00
2000:04:06,7936.64
2000:04:07,7941.24
2000:04:10,7977.76
2000:04:11,7994.10
2000:04:12,7870.11
2000:04:13,7724.22
2000:04:14,7318.05
2000:04:17,7465.81
2000:04:18,7641.91
2000:04:19,7624.43
2000:04:20,7713.99
2000:04:21,7713.99
2000:04:24,7769.07
2000:04:25,7957.98
2000:04:26,7891.37
2000:04:27,7835.23
2000:04:28,7699.64
2000:05:01,7760.75
2000:05:02,7701.69
2000:05:03,7527.79
2000:05:04,7486.18
2000:05:05,7572.99
2000:05:08,7614.63
2000:05:09,7565.77
2000:05:10,7474.59
2000:05:11,7554.57
2000:05:12,7627.19
2000:05:15,7818.22
2000:05:16,7855.62
2000:05:17,7759.34
2000:05:18,7737.37
2000:05:19,7627.96
2000:05:22,7556.53
2000:05:23,7482.53
2000:05:24,7554.73
2000:05:25,7486.08
2000:05:26,7455.18
2000:05:29,7455.18
2000:05:30,7614.04
2000:05:31,7663.54
2000:06:01,7749.61
2000:06:02,7851.29
2000:06:05,7822.12
2000:06:06,7792.20
2000:06:07,7851.27
2000:06:08,7791.21
2000:06:09,7722.08
2000:06:12,7691.51
2000:06:13,7800.30
2000:06:14,7857.78
2000:06:15,7887.60
2000:06:16,7768.90
2000:06:19,7850.19
2000:06:20,7788.28
2000:06:21,7785.78
2000:06:22,7688.05
2000:06:23,7670.47
2000:06:26,7736.95
2000:06:27,7720.28
2000:06:28,7710.86
2000:06:29,7691.71
2000:06:30,7743.24
2000:07:03,7803.85
2000:07:04,7803.85
2000:07:05,7749.45
2000:07:06,7738.86
2000:07:07,7857.70
2000:07:10,7883.51
2000:07:11,7918.27
2000:07:12,7915.64
2000:07:13,7896.09
2000:07:14,7940.20
2000:07:17,7940.97
2000:07:18,7874.77
2000:07:19,7875.21
2000:07:20,7915.22
2000:07:21,7873.65
2000:07:24,7827.31
2000:07:25,7838.31
2000:07:26,7710.26
2000:07:27,7765.29
2000:07:28,7671.43
2000:07:31,7676.03
2000:08:01,7790.65
2000:08:02,7823.54
2000:08:03,7843.19
2000:08:04,7908.55
2000:08:07,7969.63
2000:08:08,7996.60
2000:08:09,7901.76
2000:08:10,7881.38
2000:08:11,7940.65
2000:08:14,8036.88
2000:08:15,7985.50
2000:08:16,7944.62
2000:08:17,8006.49
2000:08:18,7978.91
2000:08:21,8025.26
2000:08:22,8014.91
2000:08:23,8034.11
2000:08:24,8047.26
2000:08:25,8062.04
2000:08:28,8105.56
2000:08:29,8074.00
2000:08:30,8015.22
2000:08:31,8049.61
2000:09:01,8073.89
2000:09:04,8073.89
2000:09:05,8051.27
2000:09:06,7999.07
2000:09:07,8010.05
2000:09:08,8035.68
2000:09:11,8051.81
2000:09:12,8039.72
2000:09:13,8039.08
2000:09:14,8009.27
2000:09:15,7927.46
2000:09:18,7861.51
2000:09:19,7889.44
2000:09:20,7810.13
2000:09:21,7864.76
2000:09:22,7942.33
2000:09:25,7941.89
2000:09:26,7871.99
2000:09:27,7873.70
2000:09:28,8018.39
2000:09:29,7961.26
2000:10:02,8001.99
2000:10:03,7982.24
2000:10:04,8011.12
2000:10:05,8075.62
2000:10:06,7936.31
2000:10:09,7885.64
2000:10:10,7846.93
2000:10:11,7702.04
2000:10:12,7478.75
2000:10:13,7641.22
2000:10:16,7703.05
2000:10:17,7566.66
2000:10:18,7519.68
2000:10:19,7643.54
2000:10:20,7671.35
2000:10:23,7704.56
2000:10:24,7757.13
2000:10:25,7684.87
2000:10:26,7629.57
2000:10:27,7726.58
2000:10:30,7891.71
2000:10:31,8010.70
2000:11:01,7983.22
2000:11:02,7993.16
2000:11:03,7972.08
2000:11:06,8043.25
2000:11:07,8040.42
2000:11:08,7999.70
2000:11:09,7931.96
2000:11:10,7798.97
2000:11:13,7689.63
2000:11:14,7812.33
2000:11:15,7830.47
2000:11:16,7789.98
2000:11:17,7727.35
2000:11:20,7615.16
2000:11:21,7622.59
2000:11:22,7513.44
2000:11:23,7513.44
2000:11:24,7556.53
2000:11:27,7637.51
2000:11:28,7628.24
2000:11:29,7684.35
2000:11:30,7590.55
2000:12:01,7572.99
2000:12:04,7660.50
2000:12:05,7874.58
2000:12:06,7775.71
2000:12:07,7768.15
2000:12:08,7874.74
2000:12:11,7880.78
2000:12:12,7859.96
2000:12:13,7876.79
2000:12:14,7785.71
2000:12:15,7628.90
2000:12:18,7708.40
2000:12:19,7629.70
2000:12:20,7416.41
2000:12:21,7465.77
2000:12:22,7572.87
2000:12:25,7572.87
2000:12:26,7643.92
2000:12:27,7715.55
2000:12:28,7775.63
2000:12:29,7744.88
2001:01:01,NA
2001:01:02,7580.61
2001:01:03,7819.04
2001:01:04,7728.14
2001:01:05,7576.54
2001:01:08,7546.82
2001:01:09,7553.82
2001:01:10,7606.08
2001:01:11,7646.24
2001:01:12,7618.90
2001:01:15,7618.90
2001:01:16,7703.15
2001:01:17,7669.14
2001:01:18,7745.67
2001:01:19,7704.72
2001:01:22,7693.90
2001:01:23,7758.56
2001:01:24,7775.01
2001:01:25,7790.25
2001:01:26,7744.40
2001:01:29,7762.56
2001:01:30,7841.43
2001:01:31,7832.24
2001:02:01,7879.44
2001:02:02,7783.45
2001:02:05,7830.85
2001:02:06,7796.81
2001:02:07,7740.31
2001:02:08,7714.44
2001:02:09,7653.64
2001:02:12,7755.98
2001:02:13,7705.11
2001:02:14,7625.02
2001:02:15,7663.09
2001:02:16,7586.13
2001:02:19,7586.13
2001:02:20,7495.59
2001:02:21,7341.86
2001:02:22,7329.76
2001:02:23,7271.07
2001:02:26,7409.42
2001:02:27,7403.00
2001:02:28,7303.20
2001:03:01,7273.16
2001:03:02,7259.38
2001:03:05,7279.75
2001:03:06,7324.90
2001:03:07,7352.85
2001:03:08,7401.96
2001:03:09,7263.91
2001:03:12,6952.71
2001:03:13,7039.05
2001:03:14,6833.95
2001:03:15,6906.94
2001:03:16,6764.45
2001:03:19,6877.53
2001:03:20,6733.43
2001:03:21,6597.64
2001:03:22,6512.68
2001:03:23,6671.99
2001:03:26,6774.22
2001:03:27,6968.62
2001:03:28,6844.26
2001:03:29,6824.49
2001:03:30,6905.80
2001:04:02,6819.64
2001:04:03,6601.73
2001:04:04,6600.33
2001:04:05,6864.59
2001:04:06,6764.29
2001:04:09,6802.31
2001:04:10,6945.01
2001:04:11,6886.03
2001:04:12,6972.31
2001:04:13,6972.31
2001:04:16,6986.25
2001:04:17,7071.54
2001:04:18,7299.49
2001:04:19,7354.58
2001:04:20,7285.29
2001:04:23,7218.34
2001:04:24,7133.21
2001:04:25,7262.46
2001:04:26,7329.73
2001:04:27,7438.35
2001:04:30,7377.87
2001:05:01,7477.42
2001:05:02,7459.70
2001:05:03,7383.96
2001:05:04,7482.48
2001:05:07,7470.05
2001:05:08,7427.85
2001:05:09,7418.41
2001:05:10,7432.57
2001:05:11,7373.18
2001:05:14,7417.56
2001:05:15,7413.99
2001:05:16,7615.06
2001:05:17,7623.51
2001:05:18,7639.42
2001:05:21,7706.17
2001:05:22,7672.19
2001:05:23,7569.43
2001:05:24,7582.26
2001:05:25,7491.02
2001:05:28,7491.02
2001:05:29,7471.00
2001:05:30,7396.54
2001:05:31,7432.00
2001:06:01,7443.67
2001:06:04,7488.55
2001:06:05,7555.08
2001:06:06,7473.73
2001:06:07,7486.28
2001:06:08,7427.99
2001:06:11,7379.47
2001:06:12,7391.78
2001:06:13,7335.76
2001:06:14,7241.41
2001:06:15,7210.61
2001:06:18,7195.19
2001:06:19,7215.60
2001:06:20,7287.19
2001:06:21,7389.01
2001:06:22,7309.63
2001:06:25,7240.59
2001:06:26,7200.22
2001:06:27,7154.73
2001:06:28,7234.57
2001:06:29,7197.72
2001:07:02,7291.89
2001:07:03,7272.75
2001:07:04,7272.75
2001:07:05,7198.01
2001:07:06,7040.76
2001:07:09,7088.90
2001:07:10,7006.79
2001:07:11,6971.97
2001:07:12,7095.00
2001:07:13,7139.47
2001:07:16,7092.13
2001:07:17,7164.62
2001:07:18,7156.86
2001:07:19,7171.99
2001:07:20,7172.53
2001:07:23,7057.49
2001:07:24,6940.58
2001:07:25,7042.34
2001:07:26,7104.44
2001:07:27,7125.46
2001:07:30,7125.16
2001:07:31,7163.15
2001:08:01,7164.79
2001:08:02,7175.24
2001:08:03,7149.48
2001:08:06,7077.99
2001:08:07,7116.12
2001:08:08,7018.64
2001:08:09,7022.04
2001:08:10,7075.12
2001:08:13,7059.20
2001:08:14,7034.93
2001:08:15,7007.07
2001:08:16,7010.56
2001:08:17,6914.58
2001:08:20,6979.73
2001:08:21,6909.46
2001:08:22,6945.74
2001:08:23,6935.47
2001:08:24,7043.45
2001:08:27,7003.26
2001:08:28,6903.93
2001:08:29,6826.54
2001:08:30,6731.40
2001:08:31,6747.17
2001:09:03,NA
2001:09:04,6771.67
2001:09:05,6776.42
2001:09:06,6621.39
2001:09:07,6482.49
2001:09:10,6536.02
2001:09:11,6536.02
2001:09:12,6536.02
2001:09:13,6536.02
2001:09:14,6536.02
2001:09:17,6250.18
2001:09:18,6227.84
2001:09:19,6137.16
2001:09:20,5951.87
2001:09:21,5857.68
2001:09:24,6077.34
2001:09:25,6147.42
2001:09:26,6157.55
2001:09:27,6255.97
2001:09:28,6382.49
2001:10:01,6392.20
2001:10:02,6470.94
2001:10:03,6530.93
2001:10:04,6496.06
2001:10:05,6493.53
2001:10:08,6432.40
2001:10:09,6431.48
2001:10:10,6558.04
2001:10:11,6611.00
2001:10:12,6568.26
2001:10:15,6569.76
2001:10:16,6603.29
2001:10:17,6523.92
2001:10:18,6465.94
2001:10:19,6482.69
2001:10:22,6574.82
2001:10:23,6533.58
2001:10:24,6517.08
2001:10:25,6587.08
2001:10:26,6624.81
2001:10:29,6487.23
2001:10:30,6382.99
2001:10:31,6365.91
2001:11:01,6490.23
2001:11:02,6504.49
2001:11:05,6566.92
2001:11:06,6648.99
2001:11:07,6622.92
2001:11:08,6656.35
2001:11:09,6666.53
2001:11:12,6643.18
2001:11:13,6760.01
2001:11:14,6776.24
2001:11:15,6793.80
2001:11:16,6763.82
2001:11:19,6832.28
2001:11:20,6805.69
2001:11:21,6774.47
2001:11:22,6774.47
2001:11:23,6844.31
2001:11:26,6869.96
2001:11:27,6817.38
2001:11:28,6694.54
2001:11:29,6746.00
2001:11:30,6731.39
2001:12:03,6677.57
2001:12:04,6733.78
2001:12:05,6843.18
2001:12:06,6818.84
2001:12:07,6785.10
2001:12:10,6674.51
2001:12:11,6640.42
2001:12:12,6637.19
2001:12:13,6564.80
2001:12:14,6582.40
2001:12:17,6648.36
2001:12:18,6693.98
2001:12:19,6770.55
2001:12:20,6757.59
2001:12:21,6775.03
2001:12:24,6767.58
2001:12:25,6767.58
2001:12:26,6786.31
2001:12:27,6830.33
2001:12:28,6848.17
2001:12:31,6778.03
2002:01:01,NA
2002:01:02,6804.65
2002:01:03,6824.75
2002:01:04,6865.88
2002:01:07,6816.90
2002:01:08,6771.17
2002:01:09,6737.61
2002:01:10,6752.68
2002:01:11,6693.74
2002:01:14,6662.98
2002:01:15,6708.90
2002:01:16,6621.17
2002:01:17,6669.88
2002:01:18,6633.77
2002:01:21,6633.77
2002:01:22,6613.38
2002:01:23,6635.32
2002:01:24,6635.37
2002:01:25,6638.72
2002:01:28,6627.21
2002:01:29,6422.37
2002:01:30,6493.10
2002:01:31,6587.73
2002:02:01,6550.22
2002:02:04,6377.43
2002:02:05,6362.52
2002:02:06,6336.39
2002:02:07,6347.10
2002:02:08,6450.53
2002:02:11,6526.82
2002:02:12,6512.92
2002:02:13,6567.75
2002:02:14,6562.25
2002:02:15,6492.76
2002:02:18,6492.76
2002:02:19,6382.24
2002:02:20,6478.13
2002:02:21,6397.96
2002:02:22,6464.65
2002:02:25,6566.00
2002:02:26,6558.51
2002:02:27,6580.78
2002:02:28,6577.25
2002:03:01,6707.61
2002:03:04,6817.91
2002:03:05,6751.50
2002:03:06,6854.24
2002:03:07,6816.39
2002:03:08,6824.65
2002:03:11,6854.63
2002:03:12,6871.03
2002:03:13,6820.93
2002:03:14,6816.63
2002:03:15,6899.70
2002:03:18,6885.40
2002:03:19,6908.08
2002:03:20,6805.26
2002:03:21,6793.24
2002:03:22,6781.67
2002:03:25,6690.24
2002:03:26,6723.64
2002:03:27,6757.00
2002:03:28,6754.50
2002:03:29,6754.50
2002:04:01,6728.63
2002:04:02,6712.82
2002:04:03,6652.93
2002:04:04,6647.53
2002:04:05,6631.26
2002:04:08,6625.42
2002:04:09,6601.14
2002:04:10,6663.10
2002:04:11,6481.66
2002:04:12,6521.96
2002:04:15,6461.93
2002:04:16,6605.89
2002:04:17,6586.43
2002:04:18,6592.96
2002:04:19,6590.67
2002:04:22,6483.71
2002:04:23,6450.24
2002:04:24,6412.17
2002:04:25,6391.62
2002:04:26,6317.73
2002:04:29,6237.70
2002:04:30,6296.79
2002:05:01,6387.00
2002:05:02,6400.75
2002:05:03,6345.47
2002:05:06,6216.31
2002:05:07,6183.94
2002:05:08,6376.35
2002:05:09,6294.94
2002:05:10,6210.93
2002:05:13,6315.09
2002:05:14,6429.15
2002:05:15,6372.83
2002:05:16,6425.60
2002:05:17,6495.03
2002:05:20,6419.88
2002:05:21,6360.89
2002:05:22,6390.81
2002:05:23,6450.95
2002:05:24,6375.65
2002:05:27,6375.65
2002:05:28,6319.22
2002:05:29,6290.05
2002:05:30,6268.24
2002:05:31,6293.85
2002:06:03,6137.30
2002:06:04,6125.94
2002:06:05,6173.45
2002:06:06,6042.26
2002:06:07,6054.61
2002:06:10,6080.92
2002:06:11,5970.91
2002:06:12,6006.42
2002:06:13,5958.48
2002:06:14,5942.64
2002:06:17,6113.82
2002:06:18,6129.37
2002:06:19,6034.22
2002:06:20,5947.14
2002:06:21,5831.23
2002:06:24,5847.21
2002:06:25,5756.72
2002:06:26,5741.02
2002:06:27,5844.61
2002:06:28,5826.95
2002:07:01,5715.71
2002:07:02,5620.52
2002:07:03,5646.36
2002:07:04,5646.36
2002:07:05,5837.56
2002:07:08,5792.83
2002:07:09,5631.20
2002:07:10,5435.23
2002:07:11,5464.33
2002:07:12,5427.42
2002:07:15,5395.69
2002:07:16,5294.86
2002:07:17,5330.76
2002:07:18,5178.16
2002:07:19,4976.79
2002:07:22,4806.27
2002:07:23,4694.50
2002:07:24,4970.02
2002:07:25,4977.90
2002:07:26,5082.45
2002:07:29,5353.94
2002:07:30,5377.64
2002:07:31,5467.53
2002:08:01,5307.60
2002:08:02,5199.86
2002:08:05,5012.17
2002:08:06,5142.72
2002:08:07,5256.72
2002:08:08,5442.31
2002:08:09,5472.83
2002:08:12,5436.06
2002:08:13,5314.35
2002:08:14,5517.85
2002:08:15,5580.91
2002:08:16,5564.73
2002:08:19,5702.57
2002:08:20,5621.72
2002:08:21,5691.37
2002:08:22,5770.71
2002:08:23,5639.28
2002:08:26,5680.99
2002:08:27,5616.03
2002:08:28,5521.82
2002:08:29,5506.85
2002:08:30,5508.95
2002:09:02,NA
2002:09:03,5262.79
2002:09:04,5360.28
2002:09:05,5286.02
2002:09:06,5355.26
2002:09:09,5414.14
2002:09:10,5454.22
2002:09:11,5459.86
2002:09:12,5325.27
2002:09:13,5330.97
2002:09:16,5362.70
2002:09:17,5247.83
2002:09:18,5221.98
2002:09:19,5053.13
2002:09:20,5057.93
2002:09:23,5012.81
2002:09:24,4919.91
2002:09:25,5034.59
2002:09:26,5137.81
2002:09:27,4943.85
2002:09:30,4886.91
2002:10:01,5092.55
2002:10:02,4978.25
2002:10:03,4937.27
2002:10:04,4825.17
2002:10:07,4735.55
2002:10:08,4836.15
2002:10:09,4703.49
2002:10:10,4851.64
2002:10:11,5037.93
2002:10:14,5080.06
2002:10:15,5318.75
2002:10:16,5222.92
2002:10:17,5339.54
2002:10:18,5359.06
2002:10:21,5432.50
2002:10:22,5386.51
2002:10:23,5391.13
2002:10:24,5308.13
2002:10:25,5395.23
2002:10:28,5363.59
2002:10:29,5317.16
2002:10:30,5363.65
2002:10:31,5324.02
2002:11:01,5404.02
2002:11:04,5421.93
2002:11:05,5485.69
2002:11:06,5524.87
2002:11:07,5408.24
2002:11:08,5376.54
2002:11:11,5271.35
2002:11:12,5290.82
2002:11:13,5269.92
2002:11:14,5379.67
2002:11:15,5419.27
2002:11:18,5369.54
2002:11:19,5360.10
2002:11:20,5446.21
2002:11:21,5551.35
2002:11:22,5516.75
2002:11:25,5529.85
2002:11:26,5418.46
2002:11:27,5573.30
2002:11:28,5573.30
2002:11:29,5555.40
2002:12:02,5532.85
2002:12:03,5460.69
2002:12:04,5457.56
2002:12:05,5397.06
2002:12:06,5430.06
2002:12:09,5332.26
2002:12:10,5402.66
2002:12:11,5400.62
2002:12:12,5365.60
2002:12:13,5311.94
2002:12:16,5430.36
2002:12:17,5377.27
2002:12:18,5315.31
2002:12:19,5275.04
2002:12:20,5347.08
2002:12:23,5342.78
2002:12:24,5313.44
2002:12:25,5313.44
2002:12:26,5288.33
2002:12:27,5202.12
2002:12:30,5234.04
2002:12:31,5245.04
2003:01:01,NA
2003:01:02,5413.45
2003:01:03,5412.56
2003:01:06,5532.57
2003:01:07,5479.81
2003:01:08,5410.20
2003:01:09,5504.15
2003:01:10,5495.76
2003:01:13,5495.56
2003:01:14,5526.86
2003:01:15,5446.96
2003:01:16,5432.32
2003:01:17,5384.31
2003:01:20,NA
2003:01:21,5297.73
2003:01:22,5235.67
2003:01:23,5262.38
2003:01:24,5110.32
2003:01:27,5025.48
2003:01:28,5088.89
2003:01:29,5120.09
2003:01:30,5003.20
2003:01:31,5092.47
2003:02:03,5123.68
2003:02:04,5050.64
2003:02:05,5019.96
2003:02:06,4986.45
2003:02:07,4941.95
2003:02:10,4969.91
2003:02:11,4920.52
2003:02:12,4860.92
2003:02:13,4852.39
2003:02:14,4946.17
2003:02:17,NA
2003:02:18,5035.55
2003:02:19,5002.10
2003:02:20,4941.15
2003:02:21,5005.67
2003:02:24,4916.33
2003:02:25,4956.65
2003:02:26,4901.32
2003:02:27,4957.54
2003:02:28,4969.97
2003:03:03,4941.85
2003:03:04,4863.63
2003:03:05,4919.15
2003:03:06,4871.48
2003:03:07,4919.56
2003:03:10,4788.77
2003:03:11,4751.25
2003:03:12,4774.70
2003:03:13,4914.24
2003:03:14,4924.70
2003:03:17,5087.72
2003:03:18,5109.88
2003:03:19,5174.91
2003:03:20,5180.95
2003:03:21,5317.10
2003:03:24,5134.16
2003:03:25,5193.14
2003:03:26,5164.06
2003:03:27,5157.32
2003:03:28,5133.05
2003:03:31,5040.19
2003:04:01,5114.20
2003:04:02,5237.51
2003:04:03,5206.13
2003:04:04,5240.61
2003:04:07,5240.36
2003:04:08,5239.64
2003:04:09,5172.97
2003:04:10,5197.48
2003:04:11,5180.61
2003:04:14,5280.93
2003:04:15,5317.66
2003:04:16,5231.82
2003:04:17,5303.72
2003:04:18,NA
2003:04:21,5295.53
2003:04:22,5411.32
2003:04:23,5469.69
2003:04:24,5420.93
2003:04:25,5347.63
2003:04:28,5442.79
2003:04:29,5455.27
2003:04:30,5463.61
2003:05:01,5458.04
2003:05:02,5536.86
2003:05:05,5507.37
2003:05:06,5540.30
2003:05:07,5524.24
2003:05:08,5466.03
2003:05:09,5534.52
2003:05:12,5597.39
2003:05:13,5578.55
2003:05:14,5566.85
2003:05:15,5603.27
2003:05:16,5590.22
2003:05:19,5459.78
2003:05:20,5446.58
2003:05:21,5479.44
2003:05:22,5525.45
2003:05:23,5533.67
2003:05:26,NA
2003:05:27,5630.03
2003:05:28,5641.69
2003:05:29,5603.95
2003:05:30,5683.92
2003:06:02,5711.24
2003:06:03,5743.23
2003:06:04,5822.91
2003:06:05,5849.39
2003:06:06,5855.96
2003:06:09,5786.38
2003:06:10,5833.94
2003:06:11,5905.96
2003:06:12,5906.51
2003:06:13,5860.69
2003:06:16,5990.80
2003:06:17,6008.83
2003:06:18,5988.04
2003:06:19,5893.07
2003:06:20,5909.40
2003:06:23,5834.66
2003:06:24,5852.71
2003:06:25,5800.00
2003:06:26,5854.76
2003:06:27,5788.96
2003:06:30,5776.18
2003:07:01,5819.48
2003:07:02,5874.12
2003:07:03,5830.56
2003:07:04,NA
2003:07:07,5920.65
2003:07:08,5920.13
2003:07:09,5883.73
2003:07:10,5814.30
2003:07:11,5873.09
2003:07:14,5906.31
2003:07:15,5880.48
2003:07:16,5832.33
2003:07:17,5776.34
2003:07:18,5852.98
2003:07:21,5763.15
2003:07:22,5805.26
2003:07:23,5801.64
2003:07:24,5762.97
2003:07:25,5860.37
2003:07:28,5844.26
2003:07:29,5794.05
2003:07:30,5792.91
2003:07:31,5801.45
2003:08:01,5732.02
2003:08:04,5756.81
2003:08:05,5663.80
2003:08:06,5692.76
2003:08:07,5741.49
2003:08:08,5771.85
2003:08:11,5783.91
2003:08:12,5833.54
2003:08:13,5782.74
2003:08:14,5812.85
2003:08:15,5818.27
2003:08:18,5855.22
2003:08:19,5851.62
2003:08:20,5830.70
2003:08:21,5836.10
2003:08:22,5766.61
2003:08:25,5771.53
2003:08:26,5788.94
2003:08:27,5783.75
2003:08:28,5811.21
2003:08:29,5837.75
2003:09:01,NA
2003:09:02,5917.60
2003:09:03,5945.11
2003:09:04,5950.39
2003:09:05,5912.67
2003:09:08,5971.00
2003:09:09,5929.11
2003:09:10,5885.12
2003:09:11,5907.12
2003:09:12,5913.22
2003:09:15,5892.03
2003:09:16,5961.84
2003:09:17,5947.21
2003:09:18,6021.43
2003:09:19,5996.94
2003:09:22,5923.07
2003:09:23,5945.30
2003:09:24,5849.54
2003:09:25,5824.08
2003:09:26,5791.94
2003:09:29,5834.02
2003:09:30,5787.60
2003:10:01,5913.45
2003:10:02,5931.60
2003:10:03,5956.89
2003:10:06,5980.69
2003:10:07,6007.39
2003:10:08,5977.78
2003:10:09,5996.70
2003:10:10,5988.05
2003:10:13,6022.84
2003:10:14,6045.91
2003:10:15,6024.74
2003:10:16,6040.96
2003:10:17,5993.68
2003:10:20,6019.66
2003:10:21,6022.54
2003:10:22,5933.29
2003:10:23,5972.36
2003:10:24,5960.44
2003:10:27,5956.96
2003:10:28,6033.78
2003:10:29,6038.70
2003:10:30,6026.85
2003:10:31,6051.87
2003:11:03,6079.37
2003:11:04,6051.91
2003:11:05,6039.71
2003:11:06,6063.40
2003:11:07,6034.09
2003:11:10,6015.94
2003:11:11,6017.15
2003:11:12,6079.25
2003:11:13,6087.54
2003:11:14,6062.45
2003:11:17,6035.66
2003:11:18,5992.74
2003:11:19,6043.18
2003:11:20,5990.26
2003:11:21,5984.74
2003:11:24,6061.40
2003:11:25,6077.77
2003:11:26,6098.48
2003:11:27,NA
2003:11:28,6090.45
2003:12:01,6154.48
2003:12:02,6142.88
2003:12:03,6139.51
2003:12:04,6165.44
2003:12:05,6132.86
2003:12:08,6182.61
2003:12:09,6153.02
2003:12:10,6152.68
2003:12:11,6217.02
2003:12:12,6234.87
2003:12:15,6217.91
2003:12:16,6269.10
2003:12:17,6277.51
2003:12:18,6334.40
2003:12:19,6340.00
2003:12:22,6364.13
2003:12:23,6374.37
2003:12:24,6364.03
2003:12:25,NA
2003:12:26,6373.74
2003:12:29,6448.67
2003:12:30,6446.98
2003:12:31,6468.15
2004:01:01,NA
2004:01:02,6456.61
2004:01:05,6525.83
2004:01:06,6525.41
2004:01:07,6532.62
2004:01:08,6552.49
2004:01:09,6482.15
2004:01:12,6508.49
2004:01:13,6473.30
2004:01:14,6525.35
2004:01:15,6541.57
2004:01:16,6571.60
2004:01:19,6571.60
2004:01:20,6564.55
2004:01:21,6639.74
2004:01:22,6636.23
2004:01:23,6613.63
2004:01:26,6703.10
2004:01:27,6645.66
2004:01:28,6560.68
2004:01:29,6614.66
2004:01:30,6590.17
2004:02:02,6621.89
2004:02:03,6616.26
2004:02:04,6602.26
2004:02:05,6616.06
2004:02:06,6679.76
2004:02:09,6661.05
2004:02:10,6695.09
2004:02:11,6779.25
2004:02:12,6744.55
2004:02:13,6716.38
2004:02:16,6716.38
2004:02:17,6773.28
2004:02:18,6737.42
2004:02:19,6724.30
2004:02:20,6713.27
2004:02:23,6718.40
2004:02:24,6703.02
2004:02:25,6723.86
2004:02:26,6730.49
2004:02:27,6725.47
2004:03:01,6778.72
2004:03:02,6746.87
2004:03:03,6769.70
2004:03:04,6782.28
2004:03:05,6802.56
2004:03:08,6767.75
2004:03:09,6728.57
2004:03:10,6630.00
2004:03:11,6524.07
2004:03:12,6587.61
2004:03:15,6498.72
2004:03:16,6541.37
2004:03:17,6601.71
2004:03:18,6601.65
2004:03:19,6524.74
2004:03:22,6433.08
2004:03:23,6431.66
2004:03:24,6403.36
2004:03:25,6486.14
2004:03:26,6485.43
2004:03:29,6570.89
2004:03:30,6601.94
2004:03:31,6596.80
2004:04:01,6632.75
2004:04:02,6665.89
2004:04:05,6717.87
2004:04:06,6713.41
2004:04:07,6669.95
2004:04:08,6658.50
2004:04:09,6658.50
2004:04:12,6698.08
2004:04:13,6610.25
2004:04:14,6608.22
2004:04:15,6637.05
2004:04:16,6676.13
2004:04:19,6670.18
2004:04:20,6574.50
2004:04:21,6607.75
2004:04:22,6679.21
2004:04:23,6661.21
2004:04:26,6646.34
2004:04:27,6664.48
2004:04:28,6581.39
2004:04:29,6550.46
2004:04:30,6533.33
2004:05:03,6595.62
2004:05:04,6606.52
2004:05:05,6615.26
2004:05:06,6576.41
2004:05:07,6484.48
2004:05:10,6410.47
2004:05:11,6444.48
2004:05:12,6468.41
2004:05:13,6455.97
2004:05:14,6461.03
2004:05:17,6400.68
2004:05:18,6435.15
2004:05:19,6418.72
2004:05:20,6423.00
2004:05:21,6439.93
2004:05:24,6435.47
2004:05:25,6531.11
2004:05:26,6538.28
2004:05:27,6581.42
2004:05:28,6568.84
2004:05:31,NA
2004:06:01,6578.28
2004:06:02,6612.17
2004:06:03,6570.87
2004:06:04,6598.04
2004:06:07,6686.61
2004:06:08,6695.18
2004:06:09,6640.94
2004:06:10,6664.79
2004:06:11,6664.79
2004:06:14,6611.17
2004:06:15,6634.94
2004:06:16,6648.50
2004:06:17,6646.51
2004:06:18,6663.71
2004:06:21,6634.97
2004:06:22,6642.00
2004:06:23,6689.14
2004:06:24,6674.65
2004:06:25,6604.53
2004:06:28,6610.52
2004:06:29,6621.97
2004:06:30,6638.05
2004:07:01,6578.92
2004:07:02,6563.91
2004:07:05,6563.91
2004:07:06,6530.27
2004:07:07,6540.82
2004:07:08,6501.29
2004:07:09,6519.79
2004:07:12,6537.23
2004:07:13,6553.02
2004:07:14,6542.78
2004:07:15,6500.31
2004:07:16,6489.89
2004:07:19,6481.50
2004:07:20,6509.02
2004:07:21,6428.14
2004:07:22,6448.39
2004:07:23,6402.59
2004:07:26,6396.11
2004:07:27,6461.15
2004:07:28,6471.35
2004:07:29,6486.67
2004:07:30,6488.06
2004:08:02,6514.64
2004:08:03,6498.58
2004:08:04,6495.57
2004:08:05,6396.01
2004:08:06,6312.24
2004:08:09,6316.43
2004:08:10,6386.95
2004:08:11,6402.33
2004:08:12,6336.43
2004:08:13,6341.30
2004:08:16,6422.80
2004:08:17,6431.44
2004:08:18,6505.42
2004:08:19,6487.28
2004:08:20,6529.84
2004:08:23,6509.06
2004:08:24,6515.70
2004:08:25,6560.89
2004:08:26,6566.77
2004:08:27,6586.26
2004:08:30,6540.38
2004:08:31,6580.60
2004:09:01,6579.49
2004:09:02,6648.47
2004:09:03,6640.24
2004:09:06,6640.24
2004:09:07,6685.56
2004:09:08,6662.16
2004:09:09,6664.71
2004:09:10,6683.81
2004:09:13,6686.79
2004:09:14,6702.12
2004:09:15,6655.12
2004:09:16,6671.58
2004:09:17,6704.05
2004:09:20,6650.52
2004:09:21,6688.94
2004:09:22,6595.25
2004:09:23,6550.27
2004:09:24,6563.33
2004:09:27,6530.69
2004:09:28,6571.59
2004:09:29,6589.86
2004:09:30,6564.79
2004:10:01,6653.53
2004:10:04,6680.62
2004:10:05,6670.08
2004:10:06,6712.98
2004:10:07,6643.69
2004:10:08,6605.10
2004:10:11,6623.23
2004:10:12,6608.65
2004:10:13,6554.13
2004:10:14,6483.54
2004:10:15,6510.00
2004:10:18,6537.37
2004:10:19,6476.42
2004:10:20,6461.61
2004:10:21,6459.31
2004:10:22,6401.80
2004:10:25,6388.16
2004:10:26,6487.88
2004:10:27,6568.21
2004:10:28,6581.25
2004:10:29,6595.92
2004:11:01,6596.17
2004:11:02,6594.15
2004:11:03,6669.73
2004:11:04,6779.67
2004:11:05,6799.22
2004:11:08,6790.25
2004:11:09,6782.43
2004:11:10,6783.90
2004:11:11,6838.18
2004:11:12,6897.09
2004:11:15,6884.88
2004:11:16,6835.66
2004:11:17,6869.18
2004:11:18,6871.11
2004:11:19,6802.09
2004:11:22,6830.61
2004:11:23,6831.63
2004:11:24,6843.62
2004:11:25,6843.62
2004:11:26,6852.09
2004:11:29,6826.23
2004:11:30,6803.44
2004:12:01,6907.12
2004:12:02,6910.67
2004:12:03,6903.01
2004:12:06,6891.76
2004:12:07,6829.23
2004:12:08,6869.77
2004:12:09,6908.36
2004:12:10,6898.43
2004:12:13,6960.46
2004:12:14,6984.80
2004:12:15,7001.62
2004:12:16,7004.86
2004:12:17,6941.41
2004:12:20,6946.20
2004:12:21,7005.81
2004:12:22,7042.98
2004:12:23,7049.20
2004:12:24,7049.20
2004:12:27,7022.43
2004:12:28,7066.40
2004:12:29,7061.69
2004:12:30,7059.84
2004:12:31,7049.26
2005:01:03,7003.99
2005:01:04,6940.30
2005:01:05,6926.89
2005:01:06,6962.92
2005:01:07,6946.60
2005:01:10,6969.72
2005:01:11,6923.32
2005:01:12,6940.90
2005:01:13,6875.04
2005:01:14,6911.15
2005:01:17,6911.15
2005:01:18,6980.37
2005:01:19,6918.28
2005:01:20,6881.40
2005:01:21,6833.46
2005:01:24,6826.90
2005:01:25,6861.79
2005:01:26,6883.77
2005:01:27,6876.65
2005:01:28,6864.30
2005:01:31,6908.55
2005:02:01,6958.91
2005:02:02,6982.34
2005:02:03,6975.13
2005:02:04,7049.82
2005:02:07,7051.49
2005:02:08,7056.07
2005:02:09,7007.88
2005:02:10,7037.52
2005:02:11,7078.20
2005:02:14,7085.43
2005:02:15,7104.63
2005:02:16,7104.72
2005:02:17,7055.99
2005:02:18,7069.92
2005:02:21,7069.92
2005:02:22,6966.60
2005:02:23,7017.82
2005:02:24,7068.12
2005:02:25,7132.92
2005:02:28,7084.63
2005:03:01,7115.08
2005:03:02,7122.00
2005:03:03,7119.18
2005:03:04,7186.84
2005:03:07,7190.37
2005:03:08,7165.67
2005:03:09,7088.27
2005:03:10,7109.53
2005:03:11,7061.84
2005:03:14,7103.75
2005:03:15,7052.27
2005:03:16,7005.74
2005:03:17,7011.69
2005:03:18,7020.35
2005:03:21,6973.97
2005:03:22,6901.21
2005:03:23,6909.00
2005:03:24,6895.50
2005:03:25,6895.50
2005:03:28,6916.00
2005:03:29,6868.61
2005:03:30,6960.39
2005:03:31,6951.55
2005:04:01,6898.40
2005:04:04,6918.62
2005:04:05,6952.24
2005:04:06,6976.13
2005:04:07,7015.19
2005:04:08,6959.75
2005:04:11,6960.99
2005:04:12,6999.03
2005:04:13,6938.23
2005:04:14,6885.37
2005:04:15,6797.16
2005:04:18,6811.01
2005:04:19,6838.18
2005:04:20,6739.91
2005:04:21,6860.14
2005:04:22,6828.70
2005:04:25,6879.50
2005:04:26,6828.22
2005:04:27,6858.84
2005:04:28,6782.71
2005:04:29,6867.02
2005:05:02,6900.44
2005:05:03,6894.07
2005:05:04,6971.56
2005:05:05,6951.37
2005:05:06,6932.70
2005:05:09,6973.31
2005:05:10,6896.86
2005:05:11,6927.42
2005:05:12,6857.39
2005:05:13,6812.30
2005:05:16,6882.31
2005:05:17,6928.01
2005:05:18,6995.99
2005:05:19,7030.28
2005:05:20,7010.95
2005:05:23,7035.58
2005:05:24,7034.28
2005:05:25,7013.59
2005:05:26,7051.82
2005:05:27,7053.96
2005:05:30,NA
2005:05:31,7003.03
2005:06:01,7068.21
2005:06:02,7073.27
2005:06:03,7029.35
2005:06:06,7033.74
2005:06:07,7041.09
2005:06:08,7025.67
2005:06:09,7055.89
2005:06:10,7050.63
2005:06:13,7062.23
2005:06:14,7076.67
2005:06:15,7090.56
2005:06:16,7114.18
2005:06:17,7151.95
2005:06:20,7148.36
2005:06:21,7127.08
2005:06:22,7128.53
2005:06:23,7043.44
2005:06:24,6992.78
2005:06:27,6989.92
2005:06:28,7052.15
2005:06:29,7042.70
2005:06:30,6980.10
2005:07:01,7000.23
2005:07:04,NA
2005:07:05,7055.09
2005:07:06,6992.38
2005:07:07,7000.05
2005:07:08,7073.53
2005:07:11,7107.84
2005:07:12,7121.02
2005:07:13,7133.98
2005:07:14,7156.77
2005:07:15,7164.85
2005:07:18,7113.60
2005:07:19,7144.19
2005:07:20,7172.38
2005:07:21,7118.58
2005:07:22,7160.57
2005:07:25,7137.26
2005:07:26,7142.48
2005:07:27,7171.20
2005:07:28,7213.51
2005:07:29,7154.00
2005:08:01,7158.97
2005:08:02,7194.78
2005:08:03,7197.27
2005:08:04,7147.26
2005:08:05,7098.02
2005:08:08,7088.13
2005:08:09,7142.83
2005:08:10,7138.63
2005:08:11,7192.71
2005:08:12,7152.44
2005:08:15,7170.77
2005:08:16,7098.36
2005:08:17,7106.03
2005:08:18,7109.57
2005:08:19,7109.66
2005:08:22,7123.18
2005:08:23,7098.63
2005:08:24,7037.14
2005:08:25,7050.46
2005:08:26,7007.07
2005:08:29,7051.30
2005:08:30,7024.93
2005:08:31,7093.19
2005:09:01,7107.44
2005:09:02,7085.40
2005:09:05,NA
2005:09:06,7176.61
2005:09:07,7199.44
2005:09:08,7174.19
2005:09:09,7229.92
2005:09:12,7220.66
2005:09:13,7162.30
2005:09:14,7148.57
2005:09:15,7154.26
2005:09:16,7226.14
2005:09:19,7190.28
2005:09:20,7138.28
2005:09:21,7076.87
2005:09:22,7102.86
2005:09:23,7100.12
2005:09:26,7102.61
2005:09:27,7104.02
2005:09:28,7106.72
2005:09:29,7165.91
2005:09:30,7159.02
2005:10:03,7138.70
2005:10:04,7073.91
2005:10:05,6988.02
2005:10:06,6976.00
2005:10:07,6997.76
2005:10:10,6959.54
2005:10:11,6956.77
2005:10:12,6930.42
2005:10:13,6923.42
2005:10:14,6978.78
2005:10:17,6989.74
2005:10:18,6915.98
2005:10:19,7024.18
2005:10:20,6911.72
2005:10:21,6910.22
2005:10:24,7025.74
2005:10:25,7015.69
2005:10:26,6986.96
2005:10:27,6935.00
2005:10:28,7049.10
2005:10:31,7083.06
2005:11:01,7059.09
2005:11:02,7117.84
2005:11:03,7145.78
2005:11:04,7140.45
2005:11:07,7154.01
2005:11:08,7139.27
2005:11:09,7151.57
2005:11:10,7209.05
2005:11:11,7233.87
2005:11:14,7225.58
2005:11:15,7202.90
2005:11:16,7212.31
2005:11:17,7263.00
2005:11:18,7306.60
2005:11:21,7344.66
2005:11:22,7380.48
2005:11:23,7406.84
2005:11:24,NA
2005:11:25,7423.30
2005:11:28,7363.81
2005:11:29,7364.08
2005:11:30,7307.66
2005:12:01,7377.74
2005:12:02,7374.71
2005:12:05,7370.45
2005:12:06,7377.86
2005:12:07,7338.01
2005:12:08,7325.67
2005:12:09,7338.95
2005:12:12,7342.40
2005:12:13,7394.11
2005:12:14,7430.91
2005:12:15,7419.20
2005:12:16,7399.35
2005:12:19,7383.02
2005:12:20,7375.54
2005:12:21,7392.70
2005:12:22,7423.84
2005:12:23,7428.30
2005:12:26,NA
2005:12:27,7354.48
2005:12:28,7363.01
2005:12:29,7346.12
2005:12:30,7312.33
2006:01:02,NA
2006:01:03,7428.72
2006:01:04,7442.19
2006:01:05,7435.86
2006:01:06,7498.49
2006:01:09,7518.77
2006:01:10,7515.25
2006:01:11,7539.79
2006:01:12,7490.34
2006:01:13,7501.90
2006:01:16,NA
2006:01:17,7475.18
2006:01:18,7460.68
2006:01:19,7495.48
2006:01:20,7354.23
2006:01:23,7369.54
2006:01:24,7372.90
2006:01:25,7368.39
2006:01:26,7425.18
2006:01:27,7476.52
2006:01:30,7480.89
2006:01:31,7448.69
2006:02:01,7465.18
2006:02:02,7410.81
2006:02:03,7376.22
2006:02:06,7379.46
2006:02:07,7319.85
2006:02:08,7392.86
2006:02:09,7391.59
2006:02:10,7408.40
2006:02:13,7394.12
2006:02:14,7472.52
2006:02:15,7496.03
2006:02:16,7549.35
2006:02:17,7547.23
2006:02:20,NA
2006:02:21,7527.28
2006:02:22,7576.56
2006:02:23,7545.82
2006:02:24,7557.28
2006:02:27,7584.40
2006:02:28,7503.43
2006:03:01,7558.39
2006:03:02,7544.57
2006:03:03,7539.37
2006:03:06,7494.59
2006:03:07,7491.62
2006:03:08,7514.19
2006:03:09,7481.51
2006:03:10,7535.51
2006:03:13,7553.16
2006:03:14,7619.82
2006:03:15,7646.35
2006:03:16,7667.42
2006:03:17,7675.21
2006:03:20,7667.07
2006:03:21,7623.60
2006:03:22,7680.70
2006:03:23,7658.27
2006:03:24,7659.28
2006:03:27,7646.78
2006:03:28,7586.05
2006:03:29,7632.04
2006:03:30,7613.04
2006:03:31,7579.75
2006:04:03,7599.37
2006:04:04,7652.95
2006:04:05,7677.03
2006:04:06,7657.60
2006:04:07,7575.11
2006:04:10,7587.59
2006:04:11,7536.26
2006:04:12,7548.44
2006:04:13,7551.19
2006:04:14,NA
2006:04:17,7529.87
2006:04:18,7651.23
2006:04:19,7653.62
2006:04:20,7670.97
2006:04:21,7686.87
2006:04:24,7670.93
2006:04:25,7630.47
2006:04:26,7657.75
2006:04:27,7690.62
2006:04:28,7729.38
2006:05:01,7704.31
2006:05:02,7760.63
2006:05:03,7729.35
2006:05:04,7745.90
2006:05:05,7831.16
2006:05:08,7811.68
2006:05:09,7824.20
2006:05:10,7818.02
2006:05:11,7734.52
2006:05:12,7649.36
2006:05:15,7675.43
2006:05:16,7679.78
2006:05:17,7549.09
2006:05:18,7497.78
2006:05:19,7521.81
2006:05:22,7501.88
2006:05:23,7477.76
2006:05:24,7481.91
2006:05:25,7567.93
2006:05:26,7612.08
2006:05:29,NA
2006:05:30,7498.46
2006:05:31,7562.12
2006:06:01,7642.30
2006:06:02,7667.22
2006:06:05,7537.66
2006:06:06,7535.33
2006:06:07,7490.63
2006:06:08,7509.90
2006:06:09,7472.17
2006:06:12,7394.82
2006:06:13,7313.24
2006:06:14,7347.99
2006:06:15,7487.43
2006:06:16,7462.60
2006:06:19,7392.91
2006:06:20,7396.28
2006:06:21,7451.46
2006:06:22,7424.58
2006:06:23,7415.97
2006:06:26,7458.01
2006:06:27,7403.44
2006:06:28,7441.46
2006:06:29,7588.11
2006:06:30,7564.00
2006:07:03,7628.69
2006:07:04,NA
2006:07:05,7601.33
2006:07:06,7632.57
2006:07:07,7585.04
2006:07:10,7604.21
2006:07:11,7634.68
2006:07:12,7561.85
2006:07:13,7478.06
2006:07:14,7447.40
2006:07:17,7426.57
2006:07:18,7445.76
2006:07:19,7591.68
2006:07:20,7554.87
2006:07:21,7508.50
2006:07:24,7634.21
2006:07:25,7680.76
2006:07:26,7686.06
2006:07:27,7672.46
2006:07:28,7750.30
2006:07:31,7738.22
2006:08:01,7715.26
2006:08:02,7757.44
2006:08:03,7756.47
2006:08:04,7757.25
2006:08:07,7740.01
2006:08:08,7718.76
2006:08:09,7676.28
2006:08:10,7709.40
2006:08:11,7691.55
2006:08:14,7687.48
2006:08:15,7774.16
2006:08:16,7811.65
2006:08:17,7827.28
2006:08:18,7864.17
2006:08:21,7844.89
2006:08:22,7850.51
2006:08:23,7822.63
2006:08:24,7848.99
2006:08:25,7839.43
2006:08:28,7868.50
2006:08:29,7879.92
2006:08:30,7874.83
2006:08:31,7864.15
2006:09:01,7910.12
2006:09:04,NA
2006:09:05,7912.64
2006:09:06,7845.34
2006:09:07,7810.41
2006:09:08,7831.78
2006:09:11,7824.47
2006:09:12,7887.73
2006:09:13,7915.75
2006:09:14,7906.44
2006:09:15,7926.85
2006:09:18,7941.26
2006:09:19,7933.02
2006:09:20,7959.07
2006:09:21,7923.72
2006:09:22,7915.06
2006:09:25,7971.16
2006:09:26,8033.14
2006:09:27,8039.54
2006:09:28,8050.52
2006:09:29,8043.19
2006:10:02,8021.12
2006:10:03,8038.20
2006:10:04,8120.57
2006:10:05,8133.17
2006:10:06,8119.38
2006:10:09,8114.54
2006:10:10,8129.94
2006:10:11,8109.59
2006:10:12,8170.27
2006:10:13,8187.64
2006:10:16,8199.81
2006:10:17,8182.93
2006:10:18,8203.58
2006:10:19,8213.10
2006:10:20,8224.01
2006:10:23,8272.19
2006:10:24,8271.99
2006:10:25,8301.52
2006:10:26,8333.88
2006:10:27,8276.20
2006:10:30,8256.36
2006:10:31,8252.57
2006:11:01,8199.89
2006:11:02,8202.59
2006:11:03,8199.03
2006:11:06,8282.07
2006:11:07,8301.18
2006:11:08,8317.83
2006:11:09,8256.01
2006:11:10,8259.50
2006:11:13,8269.04
2006:11:14,8319.71
2006:11:15,8333.86
2006:11:16,8345.88
2006:11:17,8370.13
2006:11:20,8352.54
2006:11:21,8363.01
2006:11:22,8369.91
2006:11:23,NA
2006:11:24,8333.14
2006:11:27,8245.19
2006:11:28,8278.78
2006:11:29,8356.81
2006:11:30,8368.06
2006:12:01,8360.65
2006:12:04,8412.25
2006:12:05,8449.67
2006:12:06,8445.54
2006:12:07,8423.50
2006:12:08,8434.48
2006:12:11,8456.93
2006:12:12,8460.41
2006:12:13,8478.04
2006:12:14,8556.56
2006:12:15,8572.59
2006:12:18,8561.84
2006:12:19,8590.75
2006:12:20,8579.40
2006:12:21,8556.51
2006:12:22,8514.02
2006:12:25,NA
2006:12:26,8552.51
2006:12:27,8618.43
2006:12:28,8611.65
2006:12:29,8571.35
2007:01:01,NA
2007:01:02,NA
2007:01:03,8556.19
2007:01:04,8545.64
2007:01:05,8493.24
2007:01:08,8516.67
2007:01:09,8493.61
2007:01:10,8496.72
2007:01:11,8534.91
2007:01:12,8579.98
2007:01:15,NA
2007:01:16,8592.32
2007:01:17,8602.13
2007:01:18,8599.32
2007:01:19,8614.47
2007:01:22,8574.15
2007:01:23,8606.60
2007:01:24,8673.43
2007:01:25,8577.08
2007:01:26,8558.59
2007:01:29,8546.00
2007:01:30,8600.17
2007:01:31,8652.85
2007:02:01,8707.37
2007:02:02,8713.35
2007:02:05,8713.90
2007:02:06,8706.00
2007:02:07,8700.21
2007:02:08,8690.59
2007:02:09,8639.79
2007:02:12,8616.94
2007:02:13,8685.65
2007:02:14,8740.88
2007:02:15,8735.99
2007:02:16,8731.51
2007:02:19,NA
2007:02:20,8746.36
2007:02:21,8719.44
2007:02:22,8708.88
2007:02:23,8682.05
2007:02:26,8682.88
2007:02:27,8389.72
2007:02:28,8440.27
2007:03:01,8426.83
2007:03:02,8341.37
2007:03:05,8271.51
2007:03:06,8394.07
2007:03:07,8381.55
2007:03:08,8436.67
2007:03:09,8441.47
2007:03:12,8457.57
2007:03:13,8294.16
2007:03:14,8339.04
2007:03:15,8367.35
2007:03:16,8329.84
2007:03:19,8422.82
2007:03:20,8481.65
2007:03:21,8621.08
2007:03:22,8632.22
2007:03:23,8639.27
2007:03:26,8646.64
2007:03:27,8598.96
2007:03:28,8532.92
2007:03:29,8574.19
2007:03:30,8556.39
2007:04:02,8572.92
2007:04:03,8652.95
2007:04:04,8658.40
2007:04:05,8685.69
2007:04:06,NA
2007:04:09,8687.45
2007:04:10,8711.29
2007:04:11,8657.68
2007:04:12,8705.74
2007:04:13,8739.52
2007:04:16,8837.26
2007:04:17,8855.77
2007:04:18,8869.53
2007:04:19,8857.45
2007:04:20,8942.82
2007:04:23,8904.66
2007:04:24,8895.59
2007:04:25,8988.84
2007:04:26,8979.41
2007:04:27,8973.66
2007:04:30,8925.79
2007:05:01,8956.25
2007:05:02,9000.37
2007:05:03,9046.55
2007:05:04,9073.14
2007:05:07,9102.11
2007:05:08,9087.03
2007:05:09,9121.44
2007:05:10,9001.73
2007:05:11,9087.69
2007:05:14,9078.62
2007:05:15,9081.39
2007:05:16,9172.91
2007:05:17,9167.41
2007:05:18,9231.27
2007:05:21,9235.50
2007:05:22,9228.17
2007:05:23,9230.98
2007:05:24,9168.09
2007:05:25,9208.80
2007:05:28,NA
2007:05:29,9207.83
2007:05:30,9275.35
2007:05:31,9263.99
2007:06:01,9297.74
2007:06:04,9311.74
2007:06:05,9258.91
2007:06:06,9186.46
2007:06:07,9036.27
2007:06:08,9130.87
2007:06:11,9149.88
2007:06:12,9045.30
2007:06:13,9180.77
2007:06:14,9221.51
2007:06:15,9271.73
2007:06:18,9261.34
2007:06:19,9282.23
2007:06:20,9150.64
2007:06:21,9200.67
2007:06:22,9071.94
2007:06:25,9056.19
2007:06:26,9035.12
2007:06:27,9106.57
2007:06:28,9101.49
2007:06:29,9086.93
2007:07:02,9178.05
2007:07:03,9215.27
2007:07:04,NA
2007:07:05,9202.94
2007:07:06,9233.11
2007:07:09,9246.51
2007:07:10,9111.76
2007:07:11,9175.52
2007:07:12,9358.34
2007:07:13,9388.93
2007:07:16,9384.47
2007:07:17,9371.45
2007:07:18,9350.07
2007:07:19,9375.85
2007:07:20,9268.72
2007:07:23,9329.90
2007:07:24,9147.49
2007:07:25,9209.85
2007:07:26,8986.13
2007:07:27,8844.43
2007:07:30,8924.04
2007:07:31,8816.74
2007:08:01,8888.66
2007:08:02,8920.63
2007:08:03,8695.48
2007:08:06,8923.69
2007:08:07,8988.22
2007:08:08,9123.00
2007:08:09,8844.14
2007:08:10,8846.07
2007:08:13,8829.53
2007:08:14,8690.65
2007:08:15,8598.70
2007:08:16,8659.43
2007:08:17,8875.28
2007:08:20,8867.54
2007:08:21,8857.84
2007:08:22,8951.97
2007:08:23,8951.82
2007:08:24,9049.55
2007:08:27,8984.47
2007:08:28,8781.67
2007:08:29,8955.61
2007:08:30,8904.25
2007:08:31,8996.67
2007:09:03,NA
2007:09:04,9082.53
2007:09:05,8987.06
2007:09:06,9025.80
2007:09:07,8884.19
2007:09:10,8885.00
2007:09:11,9004.51
2007:09:12,9017.72
2007:09:13,9103.64
2007:09:14,9098.45
2007:09:17,9055.72
2007:09:18,9320.13
2007:09:19,9373.82
2007:09:20,9320.65
2007:09:21,9359.62
2007:09:24,9301.28
2007:09:25,9288.41
2007:09:26,9334.46
2007:09:27,9373.97
2007:09:28,9340.29
2007:10:01,9455.52
2007:10:02,9457.13
2007:10:03,9419.44
2007:10:04,9443.38
2007:10:05,9509.06
2007:10:08,9473.10
2007:10:09,9547.47
2007:10:10,9522.81
2007:10:11,9495.31
2007:10:12,9520.91
2007:10:15,9444.17
2007:10:16,9380.48
2007:10:17,9376.70
2007:10:18,9351.35
2007:10:19,9118.35
2007:10:22,9126.66
2007:10:23,9193.57
2007:10:24,9176.91
2007:10:25,9179.16
2007:10:26,9298.22
2007:10:29,9336.69
2007:10:30,9245.02
2007:10:31,9335.26
2007:11:01,9072.35
2007:11:02,9057.32
2007:11:05,9000.12
2007:11:06,9107.45
2007:11:07,8842.27
2007:11:08,8884.05
2007:11:09,8788.25
2007:11:12,8728.37
2007:11:13,8976.83
2007:11:14,8936.82
2007:11:15,8807.66
2007:11:16,8853.46
2007:11:19,8688.53
2007:11:20,8721.73
2007:11:21,8572.83
2007:11:22,NA
2007:11:23,8723.78
2007:11:26,8515.88
2007:11:27,8649.82
2007:11:28,8892.68
2007:11:29,8901.96
2007:11:30,8996.88
2007:12:03,8939.34
2007:12:04,8876.94
2007:12:05,9011.09
2007:12:06,9137.85
2007:12:07,9116.81
2007:12:10,9187.63
2007:12:11,8981.44
2007:12:12,9024.03
2007:12:13,9042.04
2007:12:14,8921.42
2007:12:17,8799.68
2007:12:18,8846.16
2007:12:19,8830.72
2007:12:20,8851.33
2007:12:21,8997.62
2007:12:24,9061.76
2007:12:25,NA
2007:12:26,9078.07
2007:12:27,8953.62
2007:12:28,8971.83
2007:12:31,8907.57
2008:01:01,NA
2008:01:02,8795.64
2008:01:03,8809.53
2008:01:04,8636.06
2008:01:07,8664.70
2008:01:08,8537.23
2008:01:09,8642.15
2008:01:10,8712.73
2008:01:11,8597.87
2008:01:14,8670.91
2008:01:15,8454.50
2008:01:16,8414.99
2008:01:17,8158.75
2008:01:18,8102.10
2008:01:21,NA
2008:01:22,8027.21
2008:01:23,8209.84
2008:01:24,8276.02
2008:01:25,8131.87
2008:01:28,8288.95
2008:01:29,8343.53
2008:01:30,8303.04
2008:01:31,8440.30
2008:02:01,8528.72
2008:02:04,8449.32
2008:02:05,8182.15
2008:02:06,8127.01
2008:02:07,8190.01
2008:02:08,8138.71
2008:02:11,8182.85
2008:02:12,8264.37
2008:02:13,8370.60
2008:02:14,8267.86
2008:02:15,8278.83
2008:02:18,NA
2008:02:19,8280.15
2008:02:20,8336.49
2008:02:21,8248.92
2008:02:22,8316.60
2008:02:25,8438.14
2008:02:26,8491.95
2008:02:27,8493.20
2008:02:28,8418.75
2008:02:29,8204.79
2008:03:03,8210.45
2008:03:04,8165.04
2008:03:05,8204.42
2008:03:06,8035.21
2008:03:07,7951.03
2008:03:10,7833.07
2008:03:11,8110.33
2008:03:12,8034.99
2008:03:13,8064.08
2008:03:14,7897.82
2008:03:17,7860.72
2008:03:18,8195.91
2008:03:19,8001.82
2008:03:20,8212.71
2008:03:21,NA
2008:03:24,8305.54
2008:03:25,8311.94
2008:03:26,8250.64
2008:03:27,8176.71
2008:03:28,8117.35
2008:03:31,8145.39
2008:04:01,8425.19
2008:04:02,8395.61
2008:04:03,8416.96
2008:04:04,8415.90
2008:04:07,8446.77
2008:04:08,8414.83
2008:04:09,8355.87
2008:04:10,8384.37
2008:04:11,8211.01
2008:04:14,8183.86
2008:04:15,8221.79
2008:04:16,8390.55
2008:04:17,8388.26
2008:04:18,8514.31
2008:04:21,8493.63
2008:04:22,8439.09
2008:04:23,8437.50
2008:04:24,8479.07
2008:04:25,8554.17
2008:04:28,8536.73
2008:04:29,8491.05
2008:04:30,8475.12
2008:05:01,8587.34
2008:05:02,8622.82
2008:05:05,8589.93
2008:05:06,8636.22
2008:05:07,8482.31
2008:05:08,8504.50
2008:05:09,8437.48
2008:05:12,8499.43
2008:05:13,8477.71
2008:05:14,8520.61
2008:05:15,8596.46
2008:05:16,8617.91
2008:05:19,8639.60
2008:05:20,8555.06
2008:05:21,8428.98
2008:05:22,8453.45
2008:05:23,8335.78
2008:05:26,NA
2008:05:27,8369.21
2008:05:28,8409.61
2008:05:29,8450.59
2008:05:30,8450.02
2008:06:02,8364.29
2008:06:03,8308.97
2008:06:04,8281.63
2008:06:05,8452.18
2008:06:06,8194.79
2008:06:09,8213.65
2008:06:10,8201.94
2008:06:11,8084.96
2008:06:12,8097.01
2008:06:13,8199.24
2008:06:16,8184.34
2008:06:17,8139.82
2008:06:18,8069.47
2008:06:19,8067.72
2008:06:20,7927.80
2008:06:23,7953.97
2008:06:24,7936.21
2008:06:25,7963.67
2008:06:26,7748.46
2008:06:27,7706.31
2008:06:30,7740.32
2008:07:01,7774.64
2008:07:02,7652.77
2008:07:03,7679.43
2008:07:04,NA
2008:07:07,7598.42
2008:07:08,7712.71
2008:07:09,7560.79
2008:07:10,7609.58
2008:07:11,7525.93
2008:07:14,7473.38
2008:07:15,7357.59
2008:07:16,7528.91
2008:07:17,7618.54
2008:07:18,7660.00
2008:07:21,7673.65
2008:07:22,7780.91
2008:07:23,7801.48
2008:07:24,7637.06
2008:07:25,7648.58
2008:07:28,7502.58
2008:07:29,7667.86
2008:07:30,7830.83
2008:07:31,7701.68
2008:08:01,7676.18
2008:08:04,7604.59
2008:08:05,7811.17
2008:08:06,7825.93
2008:08:07,7668.72
2008:08:08,7836.44
2008:08:11,7882.72
2008:08:12,7779.58
2008:08:13,7758.10
2008:08:14,7784.04
2008:08:15,7813.64
2008:08:18,7699.46
2008:08:19,7646.64
2008:08:20,7714.32
2008:08:21,7749.39
2008:08:22,7830.69
2008:08:25,7680.48
2008:08:26,7716.50
2008:08:27,7772.19
2008:08:28,7891.00
2008:08:29,7798.36
2008:09:01,NA
2008:09:02,7773.87
2008:09:03,7778.77
2008:09:04,7551.79
2008:09:05,7594.21
2008:09:08,7777.55
2008:09:09,7511.27
2008:09:10,7560.36
2008:09:11,7659.06
2008:09:12,7664.51
2008:09:15,7268.79
2008:09:16,7423.24
2008:09:17,7093.93
2008:09:18,7394.41
2008:09:19,7736.69
2008:09:22,7469.47
2008:09:23,7343.90
2008:09:24,7325.77
2008:09:25,7489.06
2008:09:26,7516.13
2008:09:29,6884.15
2008:09:30,7259.07
2008:10:01,7271.19
2008:10:02,7015.97
2008:10:03,6913.40
2008:10:06,6661.84
2008:10:07,6280.77
2008:10:08,6209.44
2008:10:09,5713.37
2008:10:10,5631.13
2008:10:13,6267.00
2008:10:14,6290.03
2008:10:15,5735.10
2008:10:16,5969.40
2008:10:17,5914.77
2008:10:20,6214.78
2008:10:21,6058.99
2008:10:22,5686.36
2008:10:23,5800.60
2008:10:24,5591.83
2008:10:27,5420.50
2008:10:28,5990.11
2008:10:29,5916.57
2008:10:30,6062.50
2008:10:31,6168.09
2008:11:03,6156.41
2008:11:04,6407.91
2008:11:05,6080.40
2008:11:06,5779.11
2008:11:07,5950.07
2008:11:10,5904.31
2008:11:11,5791.96
2008:11:12,5500.67
2008:11:13,5873.06
2008:11:14,5651.50
2008:11:17,5515.60
2008:11:18,5595.27
2008:11:19,5275.33
2008:11:20,4907.76
2008:11:21,5215.11
2008:11:24,5536.09
2008:11:25,5586.66
2008:11:26,5763.87
2008:11:27,NA
2008:11:28,5835.42
2008:12:01,5324.98
2008:12:02,5545.14
2008:12:03,5687.51
2008:12:04,5528.14
2008:12:05,5700.13
2008:12:08,5913.64
2008:12:09,5752.99
2008:12:10,5801.72
2008:12:11,5674.45
2008:12:12,5689.06
2008:12:15,5636.00
2008:12:16,5897.76
2008:12:17,5843.64
2008:12:18,5714.24
2008:12:19,5712.80
2008:12:22,5635.15
2008:12:23,5583.14
2008:12:24,5618.97
2008:12:25,NA
2008:12:26,5648.45
2008:12:29,5646.10
2008:12:30,5761.50
2008:12:31,5836.61
2009:01:01,NA
2009:01:02,6000.97
2009:01:05,5954.22
2009:01:06,5969.26
2009:01:07,5823.06
2009:01:08,5818.17
2009:01:09,5711.37
2009:01:12,5591.13
2009:01:13,5601.67
2009:01:14,5436.18
2009:01:15,5412.09
2009:01:16,5432.16
2009:01:19,NA
2009:01:20,5171.88
2009:01:21,5382.52
2009:01:22,5335.64
2009:01:23,5351.29
2009:01:26,5376.14
2009:01:27,5425.93
2009:01:28,5583.53
2009:01:29,5419.81
2009:01:30,5317.38
2009:02:02,5298.79
2009:02:03,5380.43
2009:02:04,5327.58
2009:02:05,5398.83
2009:02:06,5536.95
2009:02:09,5543.57
2009:02:10,5280.81
2009:02:11,5318.13
2009:02:12,5319.58
2009:02:13,5259.46
2009:02:16,NA
2009:02:17,5038.07
2009:02:18,5035.59
2009:02:19,4998.05
2009:02:20,4913.42
2009:02:23,4757.92
2009:02:24,4934.10
2009:02:25,4885.69
2009:02:26,4833.63
2009:02:27,4705.06
2009:03:02,4486.75
2009:03:03,4452.29
2009:03:04,4545.01
2009:03:05,4363.20
2009:03:06,4395.34
2009:03:09,4363.80
2009:03:10,4614.57
2009:03:11,4611.17
2009:03:12,4801.88
2009:03:13,4840.98
2009:03:16,4851.68
2009:03:17,4989.96
2009:03:18,5075.97
2009:03:19,4994.98
2009:03:20,4903.41
2009:03:23,5235.07
2009:03:24,5136.58
2009:03:25,5197.85
2009:03:26,5282.67
2009:03:27,5185.09
2009:03:30,5020.52
2009:03:31,5068.95
2009:04:01,5155.21
2009:04:02,5273.16
2009:04:03,5306.58
2009:04:06,5268.65
2009:04:07,5161.93
2009:04:08,5201.96
2009:04:09,5371.09
2009:04:10,NA
2009:04:13,5382.80
2009:04:14,5274.60
2009:04:15,5354.04
2009:04:16,5404.79
2009:04:17,5427.83
2009:04:20,5213.78
2009:04:21,5298.93
2009:04:22,5229.60
2009:04:23,5285.37
2009:04:24,5342.79
2009:04:27,5309.57
2009:04:28,5306.44
2009:04:29,5412.76
2009:04:30,5390.34
2009:05:01,5432.48
2009:05:04,5614.76
2009:05:05,5594.56
2009:05:06,5710.79
2009:05:07,5669.03
2009:05:08,5807.46
2009:05:11,5677.72
2009:05:12,5708.12
2009:05:13,5591.41
2009:05:14,5628.49
2009:05:15,5562.32
2009:05:18,5708.70
2009:05:19,5684.17
2009:05:20,5663.27
2009:05:21,5582.01
2009:05:22,5575.84
2009:05:25,NA
2009:05:26,5695.40
2009:05:27,5577.62
2009:05:28,5665.18
2009:05:29,5735.16
2009:06:01,5851.30
2009:06:02,5867.24
2009:06:03,5791.70
2009:06:04,5847.70
2009:06:05,5832.47
2009:06:08,5836.65
2009:06:09,5840.55
2009:06:10,5822.47
2009:06:11,5868.77
2009:06:12,5884.54
2009:06:15,5754.80
2009:06:16,5681.76
2009:06:17,5663.12
2009:06:18,5727.09
2009:06:19,5724.71
2009:06:22,5568.38
2009:06:23,5587.98
2009:06:24,5601.03
2009:06:25,5713.66
2009:06:26,5706.53
2009:06:29,5766.30
2009:06:30,5712.78
2009:07:01,5735.57
2009:07:02,5585.07
2009:07:03,NA
2009:07:06,5602.77
2009:07:07,5509.58
2009:07:08,5498.06
2009:07:09,5512.28
2009:07:10,5479.13
2009:07:13,5615.72
2009:07:14,5644.66
2009:07:15,5794.51
2009:07:16,5836.52
2009:07:17,5835.23
2009:07:20,5887.67
2009:07:21,5916.29
2009:07:22,5896.49
2009:07:23,6019.41
2009:07:24,6054.78
2009:07:27,6070.89
2009:07:28,6045.20
2009:07:29,6023.45
2009:07:30,6086.41
2009:07:31,6096.19
2009:08:03,6174.76
2009:08:04,6192.72
2009:08:05,6188.22
2009:08:06,6160.09
2009:08:07,6219.48
2009:08:10,6211.64
2009:08:11,6132.57
2009:08:12,6193.03
2009:08:13,6231.76
2009:08:14,6189.78
2009:08:17,6060.06
2009:08:18,6111.89
2009:08:19,6162.00
2009:08:20,6222.76
2009:08:21,6333.17
2009:08:24,6341.05
2009:08:25,6348.51
2009:08:26,6353.44
2009:08:27,6368.70
2009:08:28,6339.40
2009:08:31,6301.93
2009:09:01,6172.19
2009:09:02,6156.12
2009:09:03,6203.08
2009:09:04,6274.18
2009:09:07,NA
2009:09:08,6325.67
2009:09:09,6361.19
2009:09:10,6419.07
2009:09:11,6409.33
2009:09:14,6436.78
2009:09:15,6439.50
2009:09:16,6534.00
2009:09:17,6524.77
2009:09:18,6539.37
2009:09:21,6511.60
2009:09:22,6561.12
2009:09:23,6497.77
2009:09:24,6448.21
2009:09:25,6415.50
2009:09:28,6512.62
2009:09:29,6498.98
2009:09:30,6474.26
2009:10:01,6329.85
2009:10:02,6312.45
2009:10:05,6405.34
2009:10:06,6491.79
2009:10:07,6513.43
2009:10:08,6556.81
2009:10:09,6592.68
2009:10:12,6629.47
2009:10:13,6608.33
2009:10:14,6724.20
2009:10:15,6748.93
2009:10:16,6694.72
2009:10:19,6750.66
2009:10:20,6713.10
2009:10:21,6642.06
2009:10:22,6713.58
2009:10:23,6618.11
2009:10:26,6526.85
2009:10:27,6537.86
2009:10:28,6445.01
2009:10:29,6577.76
2009:10:30,6393.22
2009:11:02,6437.74
2009:11:03,6451.65
2009:11:04,6467.53
2009:11:05,6579.63
2009:11:06,6600.31
2009:11:09,6738.12
2009:11:10,6748.86
2009:11:11,6776.66
2009:11:12,6706.91
2009:11:13,6733.01
2009:11:16,6830.51
2009:11:17,6842.61
2009:11:18,6854.99
2009:11:19,6780.12
2009:11:20,6768.81
2009:11:23,6859.13
2009:11:24,6861.97
2009:11:25,6884.36
2009:11:26,NA
2009:11:27,6778.28
2009:11:30,6800.85
2009:12:01,6881.49
2009:12:02,6871.83
2009:12:03,6811.47
2009:12:04,6831.18
2009:12:07,6813.28
2009:12:08,6737.84
2009:12:09,6762.70
2009:12:10,6795.21
2009:12:11,6821.31
2009:12:14,6849.13
2009:12:15,6812.66
2009:12:16,6813.42
2009:12:17,6732.50
2009:12:18,6753.28
2009:12:21,6815.14
2009:12:22,6829.53
2009:12:23,6830.73
2009:12:24,6855.25
2009:12:25,NA
2009:12:28,6867.16
2009:12:29,6859.57
2009:12:30,6861.09
2009:12:31,6799.66
2010:01:01,NA
2010:01:04,6912.80
2010:01:05,6936.04
2010:01:06,6952.96
2010:01:07,6992.11
2010:01:08,7003.04
2010:01:11,7025.08
2010:01:12,6973.32
2010:01:13,7020.02
2010:01:14,7034.11
2010:01:15,6962.62
2010:01:18,NA
2010:01:19,7037.31
2010:01:20,6976.68
2010:01:21,6826.79
2010:01:22,6697.56
2010:01:25,6725.86
2010:01:26,6692.76
2010:01:27,6726.59
2010:01:28,6673.76
2010:01:29,6627.83
2010:02:01,6721.05
2010:02:02,6811.11
2010:02:03,6765.99
2010:02:04,6560.06
2010:02:05,6563.00
2010:02:08,6507.36
2010:02:09,6590.68
2010:02:10,6582.58
2010:02:11,6643.47
2010:02:12,6616.55
2010:02:15,NA
2010:02:16,6735.81
2010:02:17,6763.51
2010:02:18,6803.20
2010:02:19,6811.80
2010:02:22,6805.25
2010:02:23,6729.92
2010:02:24,6793.23
2010:02:25,6767.88
2010:02:26,6776.50
2010:03:01,6824.82
2010:03:02,6840.97
2010:03:03,6844.42
2010:03:04,6869.61
2010:03:05,6956.26
2010:03:08,6951.02
2010:03:09,6961.75
2010:03:10,6986.55
2010:03:11,7019.98
2010:03:12,7016.67
2010:03:15,7032.66
2010:03:16,7081.67
2010:03:17,7118.83
2010:03:18,7119.20
2010:03:19,7088.37
2010:03:22,7115.78
2010:03:23,7170.72
2010:03:24,7129.61
2010:03:25,7119.75
2010:03:26,7127.17
2010:03:29,7164.58
2010:03:30,7155.18
2010:03:31,7139.59
2010:04:01,7198.16
2010:04:02,NA
2010:04:05,7238.97
2010:04:06,7245.61
2010:04:07,7204.85
2010:04:08,7235.96
2010:04:09,7278.87
2010:04:12,7294.49
2010:04:13,7291.21
2010:04:14,7364.82
2010:04:15,7366.42
2010:04:16,7247.54
2010:04:19,7291.81
2010:04:20,7340.58
2010:04:21,7311.81
2010:04:22,7300.82
2010:04:23,7350.38
2010:04:26,7310.91
2010:04:27,7147.61
2010:04:28,7209.58
2010:04:29,7286.58
2010:04:30,7178.80
2010:05:03,7259.69
2010:05:04,7115.11
2010:05:05,7070.88
2010:05:06,6844.21
2010:05:07,6768.74
2010:05:10,7030.41
2010:05:11,7005.70
2010:05:12,7081.38
2010:05:13,7002.14
2010:05:14,6879.29
2010:05:17,6877.53
2010:05:18,6785.72
2010:05:19,6764.01
2010:05:20,6514.01
2010:05:21,6613.41
2010:05:24,6517.18
2010:05:25,6511.73
2010:05:26,6477.55
2010:05:27,6671.93
2010:05:28,6581.82
2010:05:31,NA
2010:06:01,6470.93
2010:06:02,6628.29
2010:06:03,6640.96
2010:06:04,6431.29
2010:06:07,6359.02
2010:06:08,6452.77
2010:06:09,6406.36
2010:06:10,6587.32
2010:06:11,6602.79
2010:06:14,6579.68
2010:06:15,6716.02
2010:06:16,6711.88
2010:06:17,6723.47
2010:06:18,6738.98
2010:06:21,6728.62
2010:06:22,6624.02
2010:06:23,6603.12
2010:06:24,6499.51
2010:06:25,6514.90
2010:06:28,6500.41
2010:06:29,6328.06
2010:06:30,6275.57
2010:07:01,6253.73
2010:07:02,6227.59
2010:07:05,NA
2010:07:06,6263.43
2010:07:07,6458.87
2010:07:08,6529.39
2010:07:09,6574.30
2010:07:12,6578.22
2010:07:13,6675.04
2010:07:14,6667.21
2010:07:15,6673.31
2010:07:16,6491.94
2010:07:19,6515.91
2010:07:20,6579.42
2010:07:21,6507.58
2010:07:22,6638.89
2010:07:23,6689.19
2010:07:26,6763.33
2010:07:27,6775.44
2010:07:28,6735.90
2010:07:29,6715.02
2010:07:30,6714.17
2010:08:02,6865.24
2010:08:03,6846.10
2010:08:04,6877.99
2010:08:05,6872.92
2010:08:06,6847.07
2010:08:09,6875.99
2010:08:10,6851.05
2010:08:11,6673.40
2010:08:12,6650.43
2010:08:13,6628.45
2010:08:16,6625.49
2010:08:17,6693.83
2010:08:18,6701.71
2010:08:19,6590.18
2010:08:20,6554.25
2010:08:23,6542.39
2010:08:24,6457.26
2010:08:25,6467.76
2010:08:26,6422.34
2010:08:27,6528.96
2010:08:30,6438.61
2010:08:31,6449.08
2010:09:01,6630.30
2010:09:02,6678.39
2010:09:03,6760.36
2010:09:06,NA
2010:09:07,6686.53
2010:09:08,6725.12
2010:09:09,6765.06
2010:09:10,6800.99
2010:09:13,6858.44
2010:09:14,6848.50
2010:09:15,6869.24
2010:09:16,6867.72
2010:09:17,6859.48
2010:09:20,6957.33
2010:09:21,6947.50
2010:09:22,6922.46
2010:09:23,6856.25
2010:09:24,6987.07
2010:09:27,6946.54
2010:09:28,6977.53
2010:09:29,6958.96
2010:09:30,6935.66
2010:10:01,6980.40
2010:10:04,6933.96
2010:10:05,7067.15
2010:10:06,7089.79
2010:10:07,7070.64
2010:10:08,7106.51
2010:10:11,7106.27
2010:10:12,7127.15
2010:10:13,7172.55
2010:10:14,7143.82
2010:10:15,7110.51
2010:10:18,7174.00
2010:10:19,7057.86
2010:10:20,7135.92
2010:10:21,7148.31
2010:10:22,7155.14
2010:10:25,7168.79
2010:10:26,7169.28
2010:10:27,7136.45
2010:10:28,7145.14
2010:10:29,7140.42
2010:11:01,7143.42
2010:11:02,7188.35
2010:11:03,7222.74
2010:11:04,7375.46
2010:11:05,7413.41
2010:11:08,7398.04
2010:11:09,7344.82
2010:11:10,7379.25
2010:11:11,7362.82
2010:11:12,7284.84
2010:11:15,7283.67
2010:11:16,7173.44
2010:11:17,7162.45
2010:11:18,7273.12
2010:11:19,7293.53
2010:11:22,7258.29
2010:11:23,7159.79
2010:11:24,7246.66
2010:11:25,NA
2010:11:26,7182.79
2010:11:29,7186.04
2010:11:30,7151.90
2010:12:01,7309.56
2010:12:02,7400.06
2010:12:03,7420.56
2010:12:06,7409.29
2010:12:07,7415.38
2010:12:08,7449.13
2010:12:09,7483.97
2010:12:10,7526.99
2010:12:13,7541.32
2010:12:14,7547.38
2010:12:15,7508.31
2010:12:16,7544.91
2010:12:17,7544.67
2010:12:20,7555.38
2010:12:21,7601.05
2010:12:22,7637.31
2010:12:23,7633.29
2010:12:24,NA
2010:12:27,7636.83
2010:12:28,7651.31
2010:12:29,7660.30
2010:12:30,7649.43
2010:12:31,7658.57
2011:01:03,7737.22
2011:01:04,7742.52
2011:01:05,7780.72
2011:01:06,7757.03
2011:01:07,7740.16
2011:01:10,7722.20
2011:01:11,7753.97
2011:01:12,7831.81
2011:01:13,7812.52
2011:01:14,7876.80
2011:01:17,NA
2011:01:18,7871.94
2011:01:19,7802.77
2011:01:20,7808.42
2011:01:21,7854.72
2011:01:24,7883.95
2011:01:25,7879.76
2011:01:26,7905.57
2011:01:27,7906.94
2011:01:28,7788.41
2011:01:31,7846.65
2011:02:01,7988.46
2011:02:02,7966.99
2011:02:03,7982.11
2011:02:04,7984.92
2011:02:07,8035.98
2011:02:08,8070.72
2011:02:09,8048.31
2011:02:10,8055.60
2011:02:11,8098.76
2011:02:14,8128.06
2011:02:15,8101.27
2011:02:16,8147.32
2011:02:17,8177.20
2011:02:18,8194.51
2011:02:21,NA
2011:02:22,8053.16
2011:02:23,8019.07
2011:02:24,7991.55
2011:02:25,8056.38
2011:02:28,8112.30
2011:03:01,7995.84
2011:03:02,8003.04
2011:03:03,8136.20
2011:03:04,8068.03
2011:03:07,8014.03
2011:03:08,8093.35
2011:03:09,8089.50
2011:03:10,7933.75
2011:03:11,7984.33
2011:03:14,7933.88
2011:03:15,7848.64
2011:03:16,7689.65
2011:03:17,7806.98
2011:03:18,7850.66
2011:03:21,7961.24
2011:03:22,7936.38
2011:03:23,7957.16
2011:03:24,8016.74
2011:03:25,8042.57
2011:03:28,8035.80
2011:03:29,8085.01
2011:03:30,8140.02
2011:03:31,8120.08
2011:04:01,8162.74
2011:04:04,8177.82
2011:04:05,8180.60
2011:04:06,8203.41
2011:04:07,8190.14
2011:04:08,8170.17
2011:04:11,8145.98
2011:04:12,8080.15
2011:04:13,8064.48
2011:04:14,8070.96
2011:04:15,8108.46
2011:04:18,8018.83
2011:04:19,8069.82
2011:04:20,8151.70
2011:04:21,8186.77
2011:04:22,NA
2011:04:25,8163.35
2011:04:26,8238.75
2011:04:27,8293.93
2011:04:28,8325.01
2011:04:29,8351.92
2011:05:02,8335.24
2011:05:03,8316.23
2011:05:04,8250.17
2011:05:05,8147.94
2011:05:06,8179.93
2011:05:09,8215.51
2011:05:10,8270.48
2011:05:11,8173.58
2011:05:12,8211.43
2011:05:13,8154.00
2011:05:16,8122.27
2011:05:17,8121.17
2011:05:18,8181.10
2011:05:19,8194.77
2011:05:20,8132.04
2011:05:23,8045.29
2011:05:24,8054.84
2011:05:25,8079.91
2011:05:26,8101.06
2011:05:27,8134.89
2011:05:30,8134.89
2011:05:31,8215.35
2011:06:01,8035.63
2011:06:02,8019.62
2011:06:03,7961.45
2011:06:06,7872.87
2011:06:07,7856.96
2011:06:08,7846.90
2011:06:09,7915.96
2011:06:10,7815.45
2011:06:13,7831.37
2011:06:14,7916.68
2011:06:15,7782.05
2011:06:16,7809.28
2011:06:17,7835.55
2011:06:20,7870.86
2011:06:21,7952.78
2011:06:22,7905.20
2011:06:23,7861.88
2011:06:24,7772.47
2011:06:27,7833.72
2011:06:28,7931.28
2011:06:29,8013.49
2011:06:30,8091.99
2011:07:01,8199.80
2011:07:04,NA
2011:07:05,8185.58
2011:07:06,8194.04
2011:07:07,8270.18
2011:07:08,8216.00
2011:07:11,8078.87
2011:07:12,8040.06
2011:07:13,8070.34
2011:07:14,8041.54
2011:07:15,8059.92
2011:07:18,7998.63
2011:07:19,8110.97
2011:07:20,8115.91
2011:07:21,8246.55
2011:07:22,8237.32
2011:07:25,8184.47
2011:07:26,8138.59
2011:07:27,7995.87
2011:07:28,7963.13
2011:07:29,7898.12
2011:08:01,7879.57
2011:08:02,7696.15
2011:08:03,7729.39
2011:08:04,7369.98
2011:08:05,7385.69
2011:08:08,6914.95
2011:08:09,7216.70
2011:08:10,6885.70
2011:08:11,7193.33
2011:08:12,7228.88
2011:08:15,7400.37
2011:08:16,7331.47
2011:08:17,7361.41
2011:08:18,7062.02
2011:08:19,6960.50
2011:08:22,6955.54
2011:08:23,7172.03
2011:08:24,7269.63
2011:08:25,7172.76
2011:08:26,7249.51
2011:08:29,7435.79
2011:08:30,7445.11
2011:08:31,7480.07
2011:09:01,7394.02
2011:09:02,7212.95
2011:09:05,NA
2011:09:06,7148.15
2011:09:07,7343.94
2011:09:08,7257.99
2011:09:09,7060.98
2011:09:12,7098.84
2011:09:13,7145.85
2011:09:14,7235.91
2011:09:15,7369.63
2011:09:16,7400.27
2011:09:19,7305.45
2011:09:20,7305.86
2011:09:21,7085.19
2011:09:22,6853.35
2011:09:23,6880.95
2011:09:26,7060.84
2011:09:27,7140.59
2011:09:28,6998.56
2011:09:29,7097.79
2011:09:30,6935.01
2011:10:03,6747.51
2011:10:04,6885.25
2011:10:05,6999.30
2011:10:06,7126.19
2011:10:07,7080.14
2011:10:10,7312.61
2011:10:11,7301.59
2011:10:12,7378.62
2011:10:13,7328.07
2011:10:14,7452.54
2011:10:17,7303.62
2011:10:18,7455.63
2011:10:19,7382.02
2011:10:20,7427.85
2011:10:21,7563.06
2011:10:24,7629.48
2011:10:25,7487.66
2011:10:26,7594.33
2011:10:27,7858.72
2011:10:28,7866.39
2011:10:31,7648.16
2011:11:01,7433.76
2011:11:02,7561.27
2011:11:03,7697.36
2011:11:04,7644.05
2011:11:07,7701.09
2011:11:08,7800.75
2011:11:09,7522.10
2011:11:10,7603.28
2011:11:11,7746.69
2011:11:14,7672.24
2011:11:15,7690.34
2011:11:16,7572.52
2011:11:17,7467.26
2011:11:18,7476.67
2011:11:21,7333.69
2011:11:22,7292.31
2011:11:23,7139.38
2011:11:24,NA
2011:11:25,7124.82
2011:11:28,7319.15
2011:11:29,7361.44
2011:11:30,7691.28
2011:12:01,7662.74
2011:12:02,7669.27
2011:12:05,7742.02
2011:12:06,7768.11
2011:12:07,7801.69
2011:12:08,7634.06
2011:12:09,7765.06
2011:12:12,7643.67
2011:12:13,7595.19
2011:12:14,7520.70
2011:12:15,7557.19
2011:12:16,7577.50
2011:12:19,7491.05
2011:12:20,7706.88
2011:12:21,7750.17
2011:12:22,7814.43
2011:12:23,7889.51
2011:12:26,NA
2011:12:27,7875.63
2011:12:28,7780.52
2011:12:29,7870.03
2011:12:30,7835.74
2012:01:02,NA
2012:01:03,7959.65
2012:01:04,7957.81
2012:01:05,7964.95
2012:01:06,7933.93
2012:01:09,7967.08
2012:01:10,8029.45
2012:01:11,8030.85
2012:01:12,8038.12
2012:01:13,7997.88
2012:01:16,NA
2012:01:17,8016.05
2012:01:18,8093.95
2012:01:19,8124.53
2012:01:20,8150.80
2012:01:23,8149.14
2012:01:24,8135.67
2012:01:25,8189.35
2012:01:26,8144.21
2012:01:27,8119.27
2012:01:30,8097.65
2012:01:31,8086.29
2012:02:01,8153.82
2012:02:02,8157.93
2012:02:03,8268.74
2012:02:06,8271.53
2012:02:07,8289.60
2012:02:08,8300.51
2012:02:09,8294.77
2012:02:10,8236.48
2012:02:13,8289.71
2012:02:14,8277.15
2012:02:15,8235.72
2012:02:16,8321.55
2012:02:17,8351.14
2012:02:20,NA
2012:02:21,8361.31
2012:02:22,8342.67
2012:02:23,8369.75
2012:02:24,8377.74
2012:02:27,8392.08
2012:02:28,8419.08
2012:02:29,8377.86
2012:03:01,8427.56
2012:03:02,8404.80
2012:03:05,8393.01
2012:03:06,8254.11
2012:03:07,8309.88
2012:03:08,8381.54
2012:03:09,8400.08
2012:03:12,8410.76
2012:03:13,8565.59
2012:03:14,8542.12
2012:03:15,8596.79
2012:03:16,8610.23
2012:03:19,8638.01
2012:03:20,8607.43
2012:03:21,8584.38
2012:03:22,8519.58
2012:03:23,8554.67
2012:03:26,8662.59
2012:03:27,8620.39
2012:03:28,8586.24
2012:03:29,8571.91
2012:03:30,8625.19
2012:04:02,8675.41
2012:04:03,8633.73
2012:04:04,8552.99
2012:04:05,8534.90
2012:04:06,NA
2012:04:09,8437.31
2012:04:10,8294.89
2012:04:11,8358.94
2012:04:12,8470.49
2012:04:13,8370.06
2012:04:16,8398.38
2012:04:17,8518.19
2012:04:18,8483.18
2012:04:19,8439.30
2012:04:20,8463.80
2012:04:23,8394.63
2012:04:24,8453.31
2012:04:25,8524.92
2012:04:26,8584.28
2012:04:27,8594.96
2012:04:30,8571.70
2012:05:01,8631.48
2012:05:02,8597.50
2012:05:03,8535.75
2012:05:04,8423.97
2012:05:07,8428.11
2012:05:08,8395.57
2012:05:09,8318.90
2012:05:10,8360.78
2012:05:11,8319.50
2012:05:14,8225.16
2012:05:15,8183.04
2012:05:16,8170.16
2012:05:17,8079.63
2012:05:18,8033.06
2012:05:21,8110.45
2012:05:22,8123.04
2012:05:23,8128.15
2012:05:24,8160.43
2012:05:25,8132.53
2012:05:28,NA
2012:05:29,8213.15
2012:05:30,8092.04
2012:05:31,8084.15
2012:06:01,7903.33
2012:06:04,7891.26
2012:06:05,7928.57
2012:06:06,8114.97
2012:06:07,8130.23
2012:06:08,8191.03
2012:06:11,8106.73
2012:06:12,8201.89
2012:06:13,8164.88
2012:06:14,8269.41
2012:06:15,8345.30
2012:06:18,8330.07
2012:06:19,8406.24
2012:06:20,8386.60
2012:06:21,8212.29
2012:06:22,8264.52
2012:06:25,8147.86
2012:06:26,8183.41
2012:06:27,8265.89
2012:06:28,8257.04
2012:06:29,8447.51
2012:07:02,8461.79
2012:07:03,8506.33
2012:07:04,NA
2012:07:05,8451.22
2012:07:06,8385.72
2012:07:09,8374.58
2012:07:10,8316.74
2012:07:11,8332.12
2012:07:12,8306.51
2012:07:13,8444.37
2012:07:16,8429.52
